{"cameraMode":{"drawMode":0,"name":"Shaded","section":"Shading Mode"},"sceneLighting":false,"audioPlay":false,"sceneViewState":{"showFog":true,"showMaterialUpdate":false,"showSkybox":false,"showFlares":true,"showImageEffects":true,"showParticleSystems":true},"in2DMode":false,"pivot":{"x":14.770000457763672,"y":1.5,"z":8.529999732971192},"rotation":{"x":0.18724419176578523,"y":0.34378454089164736,"z":-0.07015837728977204,"w":0.9175127744674683},"size":7.000843048095703,"orthographic":false}